"","ID","Description","GeneRatio","BgRatio","RichFactor","FoldEnrichment","zScore","pvalue","p.adjust","qvalue","geneID","Count","Group"
"1","GO:0071222","cellular response to lipopolysaccharide","8/21","292/21273",0.0273972602739726,27.7534246575342,14.4701030141548,1.99600460535947e-10,1.93617651073987e-07,1.06280273434219e-07,"ENSG00000173039/ENSG00000164104/ENSG00000142208/ENSG00000154451/ENSG00000101336/ENSG00000104312/ENSG00000137055/ENSG00000154589",8,"C1"
"2","GO:0071219","cellular response to molecule of bacterial origin","8/21","307/21273",0.0260586319218241,26.3973941368078,14.090112532163,2.96959587536789e-10,1.93617651073987e-07,1.06280273434219e-07,"ENSG00000173039/ENSG00000164104/ENSG00000142208/ENSG00000154451/ENSG00000101336/ENSG00000104312/ENSG00000137055/ENSG00000154589",8,"C1"
"3","GO:0071216","cellular response to biotic stimulus","8/21","334/21273",0.0239520958083832,24.2634730538922,13.4705002055151,5.78589044857342e-10,2.51493371497991e-07,1.38049315965962e-07,"ENSG00000173039/ENSG00000164104/ENSG00000142208/ENSG00000154451/ENSG00000101336/ENSG00000104312/ENSG00000137055/ENSG00000154589",8,"C1"
"4","GO:0002758","innate immune response-activating signaling pathway","8/21","385/21273",0.0207792207792208,21.0493506493507,12.4794703252578,1.77331230966885e-09,5.78099812952046e-07,3.173295712039e-07,"ENSG00000173039/ENSG00000101916/ENSG00000142208/ENSG00000154451/ENSG00000101336/ENSG00000198961/ENSG00000104312/ENSG00000154589",8,"C1"
"5","GO:0002218","activation of innate immune response","8/21","409/21273",0.019559902200489,19.8141809290954,12.0770840578172,2.85114050416945e-09,7.43577443487392e-07,4.08163272175837e-07,"ENSG00000173039/ENSG00000101916/ENSG00000142208/ENSG00000154451/ENSG00000101336/ENSG00000198961/ENSG00000104312/ENSG00000154589",8,"C1"
"6","GO:0032496","response to lipopolysaccharide","8/21","433/21273",0.0184757505773672,18.715935334873,11.7077403748465,4.45711537470440e-09,9.68679741435755e-07,5.31726044701577e-07,"ENSG00000173039/ENSG00000164104/ENSG00000142208/ENSG00000154451/ENSG00000101336/ENSG00000104312/ENSG00000137055/ENSG00000154589",8,"C1"
"7","GO:0002237","response to molecule of bacterial origin","8/21","467/21273",0.0171306209850107,17.3533190578158,11.2326948048482,8.04637462251913e-09,1.49892464396642e-06,8.22787179445565e-07,"ENSG00000173039/ENSG00000164104/ENSG00000142208/ENSG00000154451/ENSG00000101336/ENSG00000104312/ENSG00000137055/ENSG00000154589",8,"C1"
"8","GO:0002221","pattern recognition receptor signaling pathway","7/21","357/21273",0.0196078431372549,19.8627450980392,11.2983127760356,3.35754826342365e-08,4.94235654783428e-06,2.7129499939678e-06,"ENSG00000173039/ENSG00000101916/ENSG00000142208/ENSG00000154451/ENSG00000198961/ENSG00000104312/ENSG00000154589",7,"C1"
"9","GO:0032731","positive regulation of interleukin-1 beta production","5/21","97/21273",0.0515463917525773,52.2164948453608,15.892333195062,3.4111356541801e-08,4.94235654783428e-06,2.7129499939678e-06,"ENSG00000173039/ENSG00000101916/ENSG00000154451/ENSG00000104312/ENSG00000156515",5,"C1"
"10","GO:0032732","positive regulation of interleukin-1 production","5/21","112/21273",0.0446428571428571,45.2232142857143,14.7504452174033,7.03414408286811e-08,9.17252388406002e-06,5.03496629089507e-06,"ENSG00000173039/ENSG00000101916/ENSG00000154451/ENSG00000104312/ENSG00000156515",5,"C1"
"11","GO:0002429","immune response-activating cell surface receptor signaling pathway","7/21","433/21273",0.0161662817551963,16.3764434180139,10.1616654172505,1.2532406975524e-07,1.48565988146212e-05,8.15505908455153e-06,"ENSG00000130775/ENSG00000173039/ENSG00000107798/ENSG00000101336/ENSG00000198961/ENSG00000104312/ENSG00000154589",7,"C1"
"12","GO:0070673","response to interleukin-18","3/21","12/21273",0.25,253.25,27.4753896432277,1.81350623108576e-07,1.97067677111319e-05,1.08174055889326e-05,"ENSG00000142208/ENSG00000115607/ENSG00000104312",3,"C1"
"13","GO:0032611","interleukin-1 beta production","5/21","161/21273",0.031055900621118,31.4596273291925,12.1951386079635,4.30470033223847e-07,4.00952088088498e-05,2.20089941798659e-05,"ENSG00000173039/ENSG00000101916/ENSG00000154451/ENSG00000104312/ENSG00000156515",5,"C1"
"14","GO:0032651","regulation of interleukin-1 beta production","5/21","161/21273",0.031055900621118,31.4596273291925,12.1951386079635,4.30470033223847e-07,4.00952088088498e-05,2.20089941798659e-05,"ENSG00000173039/ENSG00000101916/ENSG00000154451/ENSG00000104312/ENSG00000156515",5,"C1"
"15","GO:0002679","respiratory burst involved in defense response","3/21","17/21273",0.176470588235294,178.764705882353,23.0485248283014,5.587617805786e-07,4.85750241249663e-05,2.66637200556806e-05,"ENSG00000105851/ENSG00000107798/ENSG00000101336",3,"C1"
"16","GO:0031663","lipopolysaccharide-mediated signaling pathway","4/21","72/21273",0.0555555555555556,56.2777777777778,14.7690498629534,6.9105430449509e-07,5.63209258163498e-05,3.09155873063593e-05,"ENSG00000142208/ENSG00000101336/ENSG00000104312/ENSG00000154589",4,"C1"
"17","GO:0032612","interleukin-1 production","5/21","185/21273",0.027027027027027,27.3783783783784,11.3273981847585,8.56392939485665e-07,6.20409107271837e-05,3.40553917456288e-05,"ENSG00000173039/ENSG00000101916/ENSG00000154451/ENSG00000104312/ENSG00000156515",5,"C1"
"18","GO:0032652","regulation of interleukin-1 production","5/21","185/21273",0.027027027027027,27.3783783783784,11.3273981847585,8.56392939485665e-07,6.20409107271837e-05,3.40553917456288e-05,"ENSG00000173039/ENSG00000101916/ENSG00000154451/ENSG00000104312/ENSG00000156515",5,"C1"
"19","GO:0140895","cell surface toll-like receptor signaling pathway","4/21","77/21273",0.051948051948052,52.6233766233766,14.2652281166845,9.06110908374255e-07,6.21878223431594e-05,3.41360342213016e-05,"ENSG00000173039/ENSG00000198961/ENSG00000104312/ENSG00000154589",4,"C1"
"20","GO:0002752","cell surface pattern recognition receptor signaling pathway","4/21","86/21273",0.0465116279069767,47.1162790697674,13.4704671417233,1.41369703067025e-06,9.21730463997002e-05,5.05954726766194e-05,"ENSG00000173039/ENSG00000198961/ENSG00000104312/ENSG00000154589",4,"C1"
"21","GO:0002753","cytoplasmic pattern recognition receptor signaling pathway","5/21","240/21273",0.0208333333333333,21.1041666666667,9.84589028039359,3.07808777880268e-06,0.000191134593502795,0.000104917277673475,"ENSG00000173039/ENSG00000101916/ENSG00000142208/ENSG00000154451/ENSG00000104312",5,"C1"
"22","GO:0002220","innate immune response activating cell surface receptor signaling pathway","4/21","117/21273",0.0341880341880342,34.6324786324786,11.4669767660611,4.83845221591302e-06,0.000286788258615936,0.000157423325685208,"ENSG00000173039/ENSG00000198961/ENSG00000104312/ENSG00000154589",4,"C1"
"23","GO:0045730","respiratory burst","3/21","42/21273",0.0714285714285714,72.3571428571429,14.5509309056516,9.28468604978344e-06,0.000526401330822505,0.000288951327865114,"ENSG00000105851/ENSG00000107798/ENSG00000101336",3,"C1"
"24","GO:0072595","maintenance of protein localization in organelle","3/21","45/21273",0.0666666666666667,67.5333333333333,14.0444554732941,1.14546202550503e-05,0.000622367700524399,0.000341629025150623,"ENSG00000086598/ENSG00000142208/ENSG00000156515",3,"C1"
"25","GO:0032728","positive regulation of interferon-beta production","3/21","51/21273",0.0588235294117647,59.5882352941176,13.1678920001516,1.67467015292944e-05,0.000873507951767998,0.000479484506944009,"ENSG00000101916/ENSG00000164104/ENSG00000104312",3,"C1"
"26","GO:0032507","maintenance of protein location in cell","3/21","59/21273",0.0508474576271186,51.5084745762712,12.2121711423528,2.60101338915269e-05,0.00130450825363658,0.000716068463410456,"ENSG00000086598/ENSG00000142208/ENSG00000156515",3,"C1"
"27","GO:0045185","maintenance of protein location","3/21","67/21273",0.0447761194029851,45.3582089552239,11.4313081255389,3.8134198548654e-05,0.0017521849573984,0.000961806402188336,"ENSG00000086598/ENSG00000142208/ENSG00000156515",3,"C1"
"28","GO:0051090","regulation of DNA-binding transcription factor activity","5/21","407/21273",0.0122850122850123,12.4447174447174,7.32818768988703,3.95272398771162e-05,0.0017521849573984,0.000961806402188336,"ENSG00000173039/ENSG00000142208/ENSG00000101336/ENSG00000115607/ENSG00000104312",5,"C1"
"29","GO:0035655","interleukin-18-mediated signaling pathway","2/21","10/21273",0.2,202.6,20.0443586130404,4.15676491752797e-05,0.0017521849573984,0.000961806402188336,"ENSG00000142208/ENSG00000115607",2,"C1"
"30","GO:0071351","cellular response to interleukin-18","2/21","10/21273",0.2,202.6,20.0443586130404,4.15676491752797e-05,0.0017521849573984,0.000961806402188336,"ENSG00000142208/ENSG00000115607",2,"C1"
"31","GO:0034142","toll-like receptor 4 signaling pathway","3/21","69/21273",0.0434782608695652,44.0434782608696,11.2573692650295,4.16547037418331e-05,0.0017521849573984,0.000961806402188336,"ENSG00000173039/ENSG00000104312/ENSG00000154589",3,"C1"
"32","GO:0050852","T cell receptor signaling pathway","4/21","204/21273",0.0196078431372549,19.8627450980392,8.50965442785076,4.32434662037644e-05,0.0017621712478034,0.000967288059821045,"ENSG00000130775/ENSG00000173039/ENSG00000107798/ENSG00000104312",4,"C1"
"33","GO:0070391","response to lipoteichoic acid","2/21","11/21273",0.181818181818182,184.181818181818,19.1025153308218,5.0774660248487e-05,0.00186086653365867,0.00102146370914425,"ENSG00000173039/ENSG00000104312",2,"C1"
"34","GO:0071223","cellular response to lipoteichoic acid","2/21","11/21273",0.181818181818182,184.181818181818,19.1025153308218,5.0774660248487e-05,0.00186086653365867,0.00102146370914425,"ENSG00000173039/ENSG00000104312",2,"C1"
"35","GO:0032608","interferon-beta production","3/21","74/21273",0.0405405405405405,41.0675675675676,10.8533811861448,5.13736159599019e-05,0.00186086653365867,0.00102146370914425,"ENSG00000101916/ENSG00000164104/ENSG00000104312",3,"C1"
"36","GO:0032648","regulation of interferon-beta production","3/21","74/21273",0.0405405405405405,41.0675675675676,10.8533811861448,5.13736159599019e-05,0.00186086653365867,0.00102146370914425,"ENSG00000101916/ENSG00000164104/ENSG00000104312",3,"C1"
"37","GO:0022605","mammalian oogenesis stage","2/21","13/21273",0.153846153846154,155.846153846154,17.5551431243634,7.19219978082053e-05,0.00246806013531315,0.00135476339361716,"ENSG00000142208/ENSG00000163661",2,"C1"
"38","GO:0032494","response to peptidoglycan","2/21","13/21273",0.153846153846154,155.846153846154,17.5551431243634,7.19219978082053e-05,0.00246806013531315,0.00135476339361716,"ENSG00000173039/ENSG00000104312",2,"C1"
"39","GO:0030522","intracellular receptor signaling pathway","5/21","467/21273",0.0107066381156317,10.8458244111349,6.76285592676336,7.59267467770894e-05,0.00253867891788012,0.00139352733625967,"ENSG00000173039/ENSG00000101916/ENSG00000142208/ENSG00000154451/ENSG00000104312",5,"C1"
"40","GO:0051091","positive regulation of DNA-binding transcription factor activity","4/21","251/21273",0.0159362549800797,16.1434262948207,7.58643775519464,9.66987919380191e-05,0.0030023933111711,0.00164806865643877,"ENSG00000173039/ENSG00000142208/ENSG00000115607/ENSG00000104312",4,"C1"
"41","GO:0003376","sphingosine-1-phosphate receptor signaling pathway","2/21","15/21273",0.133333333333333,135.066666666667,16.3274794423488,9.6702852046922e-05,0.0030023933111711,0.00164806865643877,"ENSG00000105851/ENSG00000142208",2,"C1"
"42","GO:1900044","regulation of protein K63-linked ubiquitination","2/21","15/21273",0.133333333333333,135.066666666667,16.3274794423488,9.6702852046922e-05,0.0030023933111711,0.00164806865643877,"ENSG00000104312/ENSG00000137055",2,"C1"
"43","GO:0002224","toll-like receptor signaling pathway","3/21","93/21273",0.032258064516129,32.6774193548387,9.62370265892549,0.000101608133250191,0.00308132571530811,0.00169139609816719,"ENSG00000173039/ENSG00000101916/ENSG00000154589",3,"C1"
"44","GO:0032481","positive regulation of type I interferon production","3/21","96/21273",0.03125,31.65625,9.46316327108397,0.000111663745690477,0.00330930737228142,0.00181653940357714,"ENSG00000101916/ENSG00000164104/ENSG00000104312",3,"C1"
"45","GO:0032615","interleukin-12 production","3/21","98/21273",0.0306122448979592,31.0102040816327,9.36017962486722,0.000118715478678569,0.00336532574340986,0.00184728891307613,"ENSG00000173039/ENSG00000101916/ENSG00000104312",3,"C1"
"46","GO:0032655","regulation of interleukin-12 production","3/21","98/21273",0.0306122448979592,31.0102040816327,9.36017962486722,0.000118715478678569,0.00336532574340986,0.00184728891307613,"ENSG00000173039/ENSG00000101916/ENSG00000104312",3,"C1"
"47","GO:0050851","antigen receptor-mediated signaling pathway","4/21","270/21273",0.0148148148148148,15.0074074074074,7.28136634560816,0.000128122241471809,0.00348065422665082,0.00191059482896558,"ENSG00000130775/ENSG00000173039/ENSG00000107798/ENSG00000104312",4,"C1"
"48","GO:1903320","regulation of protein modification by small protein conjugation or removal","4/21","270/21273",0.0148148148148148,15.0074074074074,7.28136634560816,0.000128122241471809,0.00348065422665082,0.00191059482896558,"ENSG00000173039/ENSG00000142208/ENSG00000104312/ENSG00000137055",4,"C1"
"49","GO:1901873","regulation of post-translational protein modification","4/21","275/21273",0.0145454545454545,14.7345454545455,7.20618783442991,0.000137494058864436,0.0035964429252243,0.00197415336547669,"ENSG00000173039/ENSG00000142208/ENSG00000104312/ENSG00000137055",4,"C1"
"50","GO:0034134","toll-like receptor 2 signaling pathway","2/21","18/21273",0.111111111111111,112.555555555556,14.8836965558475,0.000140658427290214,0.0035964429252243,0.00197415336547669,"ENSG00000198961/ENSG00000104312",2,"C1"
"51","GO:0090520","sphingolipid mediated signaling pathway","2/21","18/21273",0.111111111111111,112.555555555556,14.8836965558475,0.000140658427290214,0.0035964429252243,0.00197415336547669,"ENSG00000105851/ENSG00000142208",2,"C1"
"52","GO:0051346","negative regulation of hydrolase activity","3/21","107/21273",0.0280373831775701,28.4018691588785,8.93236759070227,0.000154041219769935,0.00386287981884606,0.00212040545432299,"ENSG00000086598/ENSG00000142208/ENSG00000163661",3,"C1"
"53","GO:0050862","positive regulation of T cell receptor signaling pathway","2/21","19/21273",0.105263157894737,106.631578947368,14.4798525628848,0.000157112921654676,0.00386557075165467,0.00212188255660734,"ENSG00000173039/ENSG00000107798",2,"C1"
"54","GO:1903321","negative regulation of protein modification by small protein conjugation or removal","3/21","109/21273",0.0275229357798165,27.8807339449541,8.84442087321891,0.000162719978582365,0.00392938614947044,0.00215691199680328,"ENSG00000173039/ENSG00000142208/ENSG00000137055",3,"C1"
"55","GO:0045472","response to ether","2/21","20/21273",0.1,101.3,14.106514371511,0.000174466027916393,0.00413643091641776,0.00227056265996454,"ENSG00000107798/ENSG00000142208",2,"C1"
"56","GO:1901874","negative regulation of post-translational protein modification","3/21","113/21273",0.0265486725663717,26.8938053097345,8.67543328319695,0.000181018929659105,0.00421515507634772,0.00231377579263517,"ENSG00000173039/ENSG00000142208/ENSG00000137055",3,"C1"
"57","GO:0032495","response to muramyl dipeptide","2/21","21/21273",0.0952380952380952,96.4761904761905,13.7600094410979,0.000192716125530416,0.00433279013261488,0.00237834782868753,"ENSG00000173039/ENSG00000104312",2,"C1"
"58","GO:0060716","labyrinthine layer blood vessel development","2/21","21/21273",0.0952380952380952,96.4761904761905,13.7600094410979,0.000192716125530416,0.00433279013261488,0.00237834782868753,"ENSG00000086598/ENSG00000142208",2,"C1"
"59","GO:2001237","negative regulation of extrinsic apoptotic signaling pathway","3/21","119/21273",0.0252100840336134,25.5378151260504,8.43775724727904,0.000210894851718655,0.00460445868675886,0.00252747167177593,"ENSG00000173039/ENSG00000164104/ENSG00000142208",3,"C1"
"60","GO:0140354","lipid import into cell","2/21","22/21273",0.0909090909090909,92.0909090909091,13.4372561806693,0.000211861596016512,0.00460445868675886,0.00252747167177593,"ENSG00000107798/ENSG00000142208",2,"C1"
"61","GO:0045063","T-helper 1 cell differentiation","2/21","24/21273",0.0833333333333333,84.4166666666667,12.852958637828,0.000252832191994313,0.00540480620263253,0.00296679707603336,"ENSG00000104312/ENSG00000196189",2,"C1"
"62","GO:0002526","acute inflammatory response","3/21","128/21273",0.0234375,23.7421875,8.11236124774512,0.000261429983467401,0.00549846287808856,0.00301820693986133,"ENSG00000105851/ENSG00000107798/ENSG00000112299",3,"C1"
"63","GO:0036499","PERK-mediated unfolded protein response","2/21","25/21273",0.08,81.04,12.5872819801522,0.00027465409082928,0.00568490372129176,0.00312054773206199,"ENSG00000086598/ENSG00000142208",2,"C1"
"64","GO:0032755","positive regulation of interleukin-6 production","3/21","134/21273",0.0223880597014925,22.6791044776119,7.91344200810006,0.000299121948262869,0.00609460969585595,0.00334544284241366,"ENSG00000173039/ENSG00000101916/ENSG00000104312",3,"C1"
"65","GO:0070431","nucleotide-binding oligomerization domain containing 2 signaling pathway","2/21","27/21273",0.0740740740740741,75.037037037037,12.1005811740924,0.00032096303897208,0.00643901235107066,0.00353449176519862,"ENSG00000173039/ENSG00000104312",2,"C1"
"66","GO:0032727","positive regulation of interferon-alpha production","2/21","28/21273",0.0714285714285714,72.3571428571429,11.8768700971163,0.000345446873952014,0.00682519278232464,0.00374647327412072,"ENSG00000101916/ENSG00000104312",2,"C1"
"67","GO:0050857","positive regulation of antigen receptor-mediated signaling pathway","2/21","29/21273",0.0689655172413793,69.8620689655172,11.664733617786,0.000370814810069363,0.00721705242284254,0.00396157220498299,"ENSG00000173039/ENSG00000107798",2,"C1"
"68","GO:1902914","regulation of protein polyubiquitination","2/21","30/21273",0.0666666666666667,67.5333333333333,11.4632005616722,0.000397065245282386,0.0076143099977681,0.00417963416086722,"ENSG00000104312/ENSG00000137055",2,"C1"
"69","GO:0051092","positive regulation of NF-kappaB transcription factor activity","3/21","150/21273",0.02,20.26,7.4411150383555,0.000416340625489758,0.00786823442954557,0.00431901793032854,"ENSG00000173039/ENSG00000115607/ENSG00000104312",3,"C1"
"70","GO:0051336","regulation of hydrolase activity","4/21","372/21273",0.010752688172043,10.8924731182796,6.0507153439045,0.000435080223760307,0.00807220342950641,0.00443098024867966,"ENSG00000086598/ENSG00000142208/ENSG00000137055/ENSG00000163661",4,"C1"
"71","GO:0030217","T cell differentiation","4/21","373/21273",0.0107238605898123,10.8632707774799,6.04110153005258,0.000439514143784475,0.00807220342950641,0.00443098024867966,"ENSG00000107798/ENSG00000112299/ENSG00000104312/ENSG00000196189",4,"C1"
"72","GO:0060674","placenta blood vessel development","2/21","34/21273",0.0588235294117647,59.5882352941176,10.7472350919179,0.00051086000778326,0.00925224236318571,0.00507872522357627,"ENSG00000086598/ENSG00000142208",2,"C1"
"73","GO:0032479","regulation of type I interferon production","3/21","164/21273",0.0182926829268293,18.530487804878,7.08428461628038,0.000540255336769861,0.00941486225420922,0.00516799025901055,"ENSG00000101916/ENSG00000164104/ENSG00000104312",3,"C1"
"74","GO:0032606","type I interferon production","3/21","164/21273",0.0182926829268293,18.530487804878,7.08428461628038,0.000540255336769861,0.00941486225420922,0.00516799025901055,"ENSG00000101916/ENSG00000164104/ENSG00000104312",3,"C1"
"75","GO:0050995","negative regulation of lipid catabolic process","2/21","35/21273",0.0571428571428571,57.8857142857143,10.5875222379781,0.000541498979344855,0.00941486225420922,0.00516799025901055,"ENSG00000105851/ENSG00000142208",2,"C1"
"76","GO:0072523","purine-containing compound catabolic process","3/21","170/21273",0.0176470588235294,17.8764705882353,6.94461052185851,0.000599852724717938,0.0099928346516139,0.00548524988948777,"ENSG00000107798/ENSG00000112299/ENSG00000156515",3,"C1"
"77","GO:0001893","maternal placenta development","2/21","37/21273",0.0540540540540541,54.7567567567568,10.2875383849419,0.000605394123832437,0.0099928346516139,0.00548524988948777,"ENSG00000086598/ENSG00000142208",2,"C1"
"78","GO:0032607","interferon-alpha production","2/21","37/21273",0.0540540540540541,54.7567567567568,10.2875383849419,0.000605394123832437,0.0099928346516139,0.00548524988948777,"ENSG00000101916/ENSG00000104312",2,"C1"
"79","GO:0032647","regulation of interferon-alpha production","2/21","37/21273",0.0540540540540541,54.7567567567568,10.2875383849419,0.000605394123832437,0.0099928346516139,0.00548524988948777,"ENSG00000101916/ENSG00000104312",2,"C1"
"80","GO:0035872","nucleotide-binding domain, leucine rich repeat containing receptor signaling pathway","2/21","38/21273",0.0526315789473684,53.3157894736842,10.1464087740655,0.000638647123242066,0.0104099481088457,0.00571421110269217,"ENSG00000173039/ENSG00000104312",2,"C1"
"81","GO:1903039","positive regulation of leukocyte cell-cell adhesion","4/21","438/21273",0.0091324200913242,9.25114155251141,5.48489409579883,0.000803412860426341,0.0129339551851352,0.00709968479649008,"ENSG00000173039/ENSG00000112299/ENSG00000142208/ENSG00000104312",4,"C1"
"82","GO:0006979","response to oxidative stress","4/21","453/21273",0.00883002207505519,8.94481236203091,5.37286945941461,0.000910847873148646,0.0144517034103451,0.00793280458430311,"ENSG00000173039/ENSG00000112299/ENSG00000142208/ENSG00000115607",4,"C1"
"83","GO:2001236","regulation of extrinsic apoptotic signaling pathway","3/21","197/21273",0.0152284263959391,15.4263959390863,6.39456154269034,0.000919855355106324,0.0144517034103451,0.00793280458430311,"ENSG00000173039/ENSG00000164104/ENSG00000142208",3,"C1"
"84","GO:1901292","nucleoside phosphate catabolic process","3/21","199/21273",0.0150753768844221,15.2713567839196,6.35817123445103,0.000947100974556533,0.0146744869694108,0.0080550945586046,"ENSG00000107798/ENSG00000112299/ENSG00000156515",3,"C1"
"85","GO:2001233","regulation of apoptotic signaling pathway","4/21","459/21273",0.00871459694989107,8.82788671023965,5.32950661058272,0.000956542478834296,0.0146744869694108,0.0080550945586046,"ENSG00000173039/ENSG00000164104/ENSG00000112299/ENSG00000142208",4,"C1"
"86","GO:0060711","labyrinthine layer development","2/21","48/21273",0.0416666666666667,42.2083333333333,8.98453748603827,0.00101866629146487,0.015445823768258,0.00847849544915679,"ENSG00000086598/ENSG00000142208",2,"C1"
"87","GO:1902175","regulation of oxidative stress-induced intrinsic apoptotic signaling pathway","2/21","49/21273",0.0408163265306122,41.3469387755102,8.8880996830956,0.00106138252828809,0.0159085381251456,0.00873248783104539,"ENSG00000112299/ENSG00000142208",2,"C1"
"88","GO:0006006","glucose metabolic process","3/21","211/21273",0.014218009478673,14.4028436018957,6.15038467009852,0.00112138550866908,0.0166168943557327,0.00912131753462889,"ENSG00000107798/ENSG00000142208/ENSG00000156515",3,"C1"
"89","GO:0001935","endothelial cell proliferation","3/21","215/21273",0.013953488372093,14.1348837209302,6.08486304303371,0.00118368780471118,0.0171186585274984,0.00939674507482962,"ENSG00000164104/ENSG00000107798/ENSG00000142208",3,"C1"
"90","GO:0014037","Schwann cell differentiation","2/21","52/21273",0.0384615384615385,38.9615384615385,8.61542011257709,0.0011946303113515,0.0171186585274984,0.00939674507482962,"ENSG00000173039/ENSG00000142208",2,"C1"
"91","GO:0140467","integrated stress response signaling","2/21","52/21273",0.0384615384615385,38.9615384615385,8.61542011257709,0.0011946303113515,0.0171186585274984,0.00939674507482962,"ENSG00000086598/ENSG00000142208",2,"C1"
"92","GO:0030098","lymphocyte differentiation","4/21","490/21273",0.00816326530612245,8.26938775510204,5.11747420465199,0.00121882840276131,0.0172755677956603,0.00948287544482486,"ENSG00000107798/ENSG00000112299/ENSG00000104312/ENSG00000196189",4,"C1"
"93","GO:0051960","regulation of nervous system development","4/21","495/21273",0.00808080808080808,8.18585858585859,5.0850274381547,0.00126542559436064,0.0177431717746912,0.00973955182982725,"ENSG00000173039/ENSG00000164104/ENSG00000142208/ENSG00000196189",4,"C1"
"94","GO:0051651","maintenance of location in cell","3/21","222/21273",0.0135135135135135,13.6891891891892,5.97431201059578,0.00129791304996473,0.0180050916718511,0.00988332445661831,"ENSG00000086598/ENSG00000142208/ENSG00000156515",3,"C1"
"95","GO:0033138","positive regulation of peptidyl-serine phosphorylation","2/21","55/21273",0.0363636363636364,36.8363636363636,8.36501960027038,0.00133549401559874,0.0181339666959078,0.0099540663167721,"ENSG00000142208/ENSG00000104312",2,"C1"
"96","GO:0032635","interleukin-6 production","3/21","225/21273",0.0133333333333333,13.5066666666667,5.92845219771187,0.00134892236925081,0.0181339666959078,0.0099540663167721,"ENSG00000173039/ENSG00000101916/ENSG00000104312",3,"C1"
"97","GO:0032675","regulation of interleukin-6 production","3/21","225/21273",0.0133333333333333,13.5066666666667,5.92845219771187,0.00134892236925081,0.0181339666959078,0.0099540663167721,"ENSG00000173039/ENSG00000101916/ENSG00000104312",3,"C1"
"98","GO:0031396","regulation of protein ubiquitination","3/21","226/21273",0.0132743362831858,13.4469026548673,5.9133599824718,0.0013662027832544,0.0181788615241198,0.009978709909914,"ENSG00000142208/ENSG00000104312/ENSG00000137055",3,"C1"
"99","GO:0045429","positive regulation of nitric oxide biosynthetic process","2/21","56/21273",0.0357142857142857,36.1785714285714,8.28598476363778,0.00138413376529759,0.0182314184843238,0.0100075593875849,"ENSG00000142208/ENSG00000163661",2,"C1"
"100","GO:0006984","ER-nucleus signaling pathway","2/21","57/21273",0.0350877192982456,35.5438596491228,8.20900350032368,0.00143361352483048,0.0185092280829598,0.0101600541624255,"ENSG00000086598/ENSG00000142208",2,"C1"
"101","GO:1904407","positive regulation of nitric oxide metabolic process","2/21","57/21273",0.0350877192982456,35.5438596491228,8.20900350032368,0.00143361352483048,0.0185092280829598,0.0101600541624255,"ENSG00000142208/ENSG00000163661",2,"C1"
"102","GO:2000321","positive regulation of T-helper 17 cell differentiation","1/2","18/21273",0.0555555555555556,590.916666666667,24.2784843016895,0.00169160978201566,0.0251223312951494,NA,"ENSG00000167604",1,"C2"
"103","GO:1900226","negative regulation of NLRP3 inflammasome complex assembly","1/2","23/21273",0.0434782608695652,462.45652173913,21.4704153103043,0.0021612472552992,0.0251223312951494,NA,"ENSG00000204616",1,"C2"
"104","GO:0141086","negative regulation of inflammasome-mediated signaling pathway","1/2","27/21273",0.037037037037037,393.944444444444,19.8106923056518,0.00253687767930044,0.0251223312951494,NA,"ENSG00000204616",1,"C2"
"105","GO:2000318","positive regulation of T-helper 17 type immune response","1/2","28/21273",0.0357142857142857,379.875,19.4523378366943,0.0026307742360473,0.0251223312951494,NA,"ENSG00000167604",1,"C2"
"106","GO:0032897","negative regulation of viral transcription","1/2","29/21273",0.0344827586206897,366.775862068966,19.1126585573173,0.00272466637309232,0.0251223312951494,NA,"ENSG00000204616",1,"C2"
"107","GO:0045624","positive regulation of T-helper cell differentiation","1/2","32/21273",0.03125,332.390625,18.1908475406235,0.00300631626601999,0.0251223312951494,NA,"ENSG00000167604",1,"C2"
"108","GO:0046782","regulation of viral transcription","1/2","33/21273",0.0303030303030303,322.318181818182,17.9118408074682,0.0031001907242596,0.0251223312951494,NA,"ENSG00000204616",1,"C2"
"109","GO:2000319","regulation of T-helper 17 cell differentiation","1/2","35/21273",0.0285714285714286,303.9,17.3900845475925,0.00328792638163444,0.0251223312951494,NA,"ENSG00000167604",1,"C2"
"110","GO:0019076","viral release from host cell","1/2","37/21273",0.027027027027027,287.472972972973,16.9111586960113,0.00347564436020398,0.0251223312951494,NA,"ENSG00000204616",1,"C2"
"111","GO:0035891","exit from host cell","1/2","37/21273",0.027027027027027,287.472972972973,16.9111586960113,0.00347564436020398,0.0251223312951494,NA,"ENSG00000204616",1,"C2"
"112","GO:0046597","host-mediated suppression of symbiont invasion","1/2","46/21273",0.0217391304347826,231.228260869565,15.1571812852813,0.00432015648854522,0.0251223312951494,NA,"ENSG00000204616",1,"C2"
"113","GO:0072539","T-helper 17 cell differentiation","1/2","47/21273",0.0212765957446809,226.308510638298,14.9940050220979,0.00441396907096503,0.0251223312951494,NA,"ENSG00000167604",1,"C2"
"114","GO:2000316","regulation of T-helper 17 type immune response","1/2","48/21273",0.0208333333333333,221.59375,14.835943782677,0.00450777723368279,0.0251223312951494,NA,"ENSG00000167604",1,"C2"
"115","GO:0043372","positive regulation of CD4-positive, alpha-beta T cell differentiation","1/2","56/21273",0.0178571428571429,189.9375,13.7276246543567,0.00525808342617795,0.0251223312951494,NA,"ENSG00000167604",1,"C2"
"116","GO:1900225","regulation of NLRP3 inflammasome complex assembly","1/2","57/21273",0.0175438596491228,186.605263157895,13.6057086835966,0.0053518518115836,0.0251223312951494,NA,"ENSG00000204616",1,"C2"
"117","GO:0044546","NLRP3 inflammasome complex assembly","1/2","60/21273",0.0166666666666667,177.275,13.258381420518,0.00563313044959124,0.0251223312951494,NA,"ENSG00000204616",1,"C2"
"118","GO:0140632","canonical inflammasome complex assembly","1/2","62/21273",0.0161290322580645,171.556451612903,13.0409320197324,0.00582062744308942,0.0251223312951494,NA,"ENSG00000204616",1,"C2"
"119","GO:0141085","regulation of inflammasome-mediated signaling pathway","1/2","62/21273",0.0161290322580645,171.556451612903,13.0409320197324,0.00582062744308942,0.0251223312951494,NA,"ENSG00000204616",1,"C2"
"120","GO:0072538","T-helper 17 type immune response","1/2","64/21273",0.015625,166.1953125,12.8337275988074,0.00600810675778185,0.0251223312951494,NA,"ENSG00000167604",1,"C2"
"121","GO:0045622","regulation of T-helper cell differentiation","1/2","67/21273",0.0149253731343284,158.753731343284,12.5404427365557,0.00628929258205979,0.0251223312951494,NA,"ENSG00000167604",1,"C2"
"122","GO:0141084","inflammasome-mediated signaling pathway","1/2","67/21273",0.0149253731343284,158.753731343284,12.5404427365557,0.00628929258205979,0.0251223312951494,NA,"ENSG00000204616",1,"C2"
"123","GO:2000516","positive regulation of CD4-positive, alpha-beta T cell activation","1/2","68/21273",0.0147058823529412,156.419117647059,12.4470078425239,0.00638301235074945,0.0251223312951494,NA,"ENSG00000167604",1,"C2"
"124","GO:0039532","negative regulation of cytoplasmic pattern recognition receptor signaling pathway","1/2","71/21273",0.0140845070422535,149.80985915493,12.1786085412542,0.00666414513861058,0.0251223312951494,NA,"ENSG00000204616",1,"C2"
"125","GO:0019083","viral transcription","1/2","73/21273",0.0136986301369863,145.705479452055,12.0089125515858,0.00685154489867712,0.0251223312951494,NA,"ENSG00000204616",1,"C2"
"126","GO:0046638","positive regulation of alpha-beta T cell differentiation","1/2","80/21273",0.0125,132.95625,11.465789007892,0.00750730483831619,0.0256892454146137,NA,"ENSG00000167604",1,"C2"
"127","GO:0043370","regulation of CD4-positive, alpha-beta T cell differentiation","1/2","81/21273",0.0123456790123457,131.314814814815,11.3939821355199,0.00760096715088732,0.0256892454146137,NA,"ENSG00000167604",1,"C2"
"128","GO:0140374","antiviral innate immune response","1/2","84/21273",0.0119047619047619,126.625,11.186280198342,0.00788192757039285,0.0256892454146137,NA,"ENSG00000204616",1,"C2"
"129","GO:0070534","protein K63-linked ubiquitination","1/2","92/21273",0.0108695652173913,115.614130434783,10.6827743152074,0.00863096088887783,0.0260904942065647,NA,"ENSG00000204616",1,"C2"
"130","GO:0042093","T-helper cell differentiation","1/2","104/21273",0.00961538461538462,102.274038461538,10.0389856372519,0.00975398050243437,0.0260904942065647,NA,"ENSG00000167604",1,"C2"
"131","GO:0046637","regulation of alpha-beta T cell differentiation","1/2","105/21273",0.00952380952380952,101.3,9.99035395315304,0.00984753674217131,0.0260904942065647,NA,"ENSG00000167604",1,"C2"
"132","GO:0002294","CD4-positive, alpha-beta T cell differentiation involved in immune response","1/2","106/21273",0.00943396226415094,100.344339622641,9.94240868924783,0.00994108856220677,0.0260904942065647,NA,"ENSG00000167604",1,"C2"
"133","GO:0002287","alpha-beta T cell activation involved in immune response","1/2","107/21273",0.00934579439252336,99.4065420560748,9.89513378543153,0.0100346359625414,0.0260904942065647,NA,"ENSG00000167604",1,"C2"
"134","GO:0002293","alpha-beta T cell differentiation involved in immune response","1/2","107/21273",0.00934579439252336,99.4065420560748,9.89513378543153,0.0100346359625414,0.0260904942065647,NA,"ENSG00000167604",1,"C2"
"135","GO:0048525","negative regulation of viral process","1/2","112/21273",0.00892857142857143,94.96875,9.66828788819944,0.0105023066686911,0.0260904942065647,NA,"ENSG00000204616",1,"C2"
"136","GO:0046635","positive regulation of alpha-beta T cell activation","1/2","115/21273",0.00869565217391304,92.4913043478261,9.53930290116127,0.0107828560559641,0.0260904942065647,NA,"ENSG00000167604",1,"C2"
"137","GO:0002292","T cell differentiation involved in immune response","1/2","116/21273",0.00862068965517241,91.6939655172414,9.4974179273708,0.0108763636789856,0.0260904942065647,NA,"ENSG00000167604",1,"C2"
"138","GO:0070936","protein K48-linked ubiquitination","1/2","117/21273",0.00854700854700855,90.9102564102564,9.45606816286751,0.0109698668823056,0.0260904942065647,NA,"ENSG00000204616",1,"C2"
"139","GO:2000514","regulation of CD4-positive, alpha-beta T cell activation","1/2","122/21273",0.00819672131147541,87.1844262295082,9.25696162987325,0.0114373166033845,0.0264400138247716,NA,"ENSG00000167604",1,"C2"
"140","GO:0043367","CD4-positive, alpha-beta T cell differentiation","1/2","125/21273",0.008,85.092,9.14324260635691,0.0117177333996147,0.0264400138247716,NA,"ENSG00000167604",1,"C2"
"141","GO:0019080","viral gene expression","1/2","130/21273",0.00769230769230769,81.8192307692308,8.96248186688522,0.0121850063326369,0.0268070139318011,NA,"ENSG00000204616",1,"C2"
"142","GO:0051851","host-mediated perturbation of symbiont process","1/2","144/21273",0.00694444444444444,73.8645833333333,8.50713777733001,0.0134927827248087,0.0289601190191016,NA,"ENSG00000204616",1,"C2"
"143","GO:0035821","modulation of process of another organism","1/2","158/21273",0.00632911392405063,67.3196202531646,8.11335049046166,0.0147996928555014,0.0293562071091179,NA,"ENSG00000204616",1,"C2"
"144","GO:0045582","positive regulation of T cell differentiation","1/2","159/21273",0.00628930817610063,66.8962264150943,8.08721622670937,0.0148930104313616,0.0293562071091179,NA,"ENSG00000167604",1,"C2"
"145","GO:0031333","negative regulation of protein-containing complex assembly","1/2","161/21273",0.0062111801242236,66.0652173913043,8.03567457849233,0.0150796323239782,0.0293562071091179,NA,"ENSG00000204616",1,"C2"
"146","GO:0046632","alpha-beta T cell differentiation","1/2","162/21273",0.00617283950617284,65.6574074074074,8.01025971123865,0.0151729366407338,0.0293562071091179,NA,"ENSG00000167604",1,"C2"
"147","GO:0002286","T cell activation involved in immune response","1/2","170/21273",0.00588235294117647,62.5676470588235,7.81502054034328,0.0159192120655305,0.0293562071091179,NA,"ENSG00000167604",1,"C2"
"148","GO:0035710","CD4-positive, alpha-beta T cell activation","1/2","171/21273",0.00584795321637427,62.2017543859649,7.79157622423631,0.0160124766049734,0.0293562071091179,NA,"ENSG00000167604",1,"C2"
"149","GO:0039531","regulation of cytoplasmic pattern recognition receptor signaling pathway","1/2","171/21273",0.00584795321637427,62.2017543859649,7.79157622423631,0.0160124766049734,0.0293562071091179,NA,"ENSG00000204616",1,"C2"
"150","GO:0045621","positive regulation of lymphocyte differentiation","1/2","175/21273",0.00571428571428571,60.78,7.69980093252217,0.0163854905657321,0.0294270034649883,NA,"ENSG00000167604",1,"C2"
"151","GO:0050792","regulation of viral process","1/2","183/21273",0.00546448087431694,58.1229508196721,7.52528747301403,0.0171313063415803,0.0300423619854039,NA,"ENSG00000204616",1,"C2"
"152","GO:0046634","regulation of alpha-beta T cell activation","1/2","186/21273",0.00537634408602151,57.1854838709677,7.46274160645688,0.01741091433245,0.0300423619854039,NA,"ENSG00000167604",1,"C2"
"153","GO:0050852","T cell receptor signaling pathway","1/2","204/21273",0.00490196078431373,52.1397058823529,7.11666551400222,0.0190877269540991,0.0323023071530908,NA,"ENSG00000167604",1,"C2"
"154","GO:0051701","biological process involved in interaction with host","1/2","209/21273",0.00478468899521531,50.8923444976077,7.02848688216402,0.0195532541050585,0.0324657804008518,NA,"ENSG00000204616",1,"C2"
"155","GO:0002824","positive regulation of adaptive immune response based on somatic recombination of immune receptors built from immunoglobulin superfamily domains","1/2","220/21273",0.00454545454545455,48.3477272727273,6.84508253049922,0.0205770249034442,0.0335329294722794,NA,"ENSG00000167604",1,"C2"
"156","GO:0002821","positive regulation of adaptive immune response","1/2","226/21273",0.00442477876106195,47.0641592920354,6.75067926652464,0.0211352199341545,0.0338163518946471,NA,"ENSG00000167604",1,"C2"
"157","GO:0045580","regulation of T cell differentiation","1/2","236/21273",0.00423728813559322,45.0699152542373,6.60133115420432,0.0220651914092248,0.033842953338485,NA,"ENSG00000167604",1,"C2"
"158","GO:0002753","cytoplasmic pattern recognition receptor signaling pathway","1/2","240/21273",0.00416666666666667,44.31875,6.54419350257184,0.0224370562476132,0.033842953338485,NA,"ENSG00000204616",1,"C2"
"159","GO:0062207","regulation of pattern recognition receptor signaling pathway","1/2","248/21273",0.00403225806451613,42.8891129032258,6.43404668317919,0.0231805737787214,0.033842953338485,NA,"ENSG00000204616",1,"C2"
"160","GO:1902107","positive regulation of leukocyte differentiation","1/2","248/21273",0.00403225806451613,42.8891129032258,6.43404668317919,0.0231805737787214,0.033842953338485,NA,"ENSG00000167604",1,"C2"
"161","GO:1903708","positive regulation of hemopoiesis","1/2","248/21273",0.00403225806451613,42.8891129032258,6.43404668317919,0.0231805737787214,0.033842953338485,NA,"ENSG00000167604",1,"C2"
"162","GO:0051091","positive regulation of DNA-binding transcription factor activity","1/2","251/21273",0.00398406374501992,42.3764940239044,6.39408992284663,0.0234593199278135,0.033842953338485,NA,"ENSG00000204616",1,"C2"
"163","GO:0045619","regulation of lymphocyte differentiation","1/2","270/21273",0.0037037037037037,39.3944444444444,6.15651312897498,0.0252237884877986,0.0344979382122323,NA,"ENSG00000167604",1,"C2"
"164","GO:0050851","antigen receptor-mediated signaling pathway","1/2","270/21273",0.0037037037037037,39.3944444444444,6.15651312897498,0.0252237884877986,0.0344979382122323,NA,"ENSG00000167604",1,"C2"
"165","GO:0002285","lymphocyte activation involved in immune response","1/2","272/21273",0.00367647058823529,39.1047794117647,6.13294574310742,0.0254094292066989,0.0344979382122323,NA,"ENSG00000167604",1,"C2"
"166","GO:0044403","biological process involved in symbiotic interaction","1/2","276/21273",0.0036231884057971,38.5380434782609,6.08657189234758,0.025780657608082,0.0344979382122323,NA,"ENSG00000204616",1,"C2"
"167","GO:0046631","alpha-beta T cell activation","1/2","277/21273",0.0036101083032491,38.398916967509,6.07513361807962,0.0258734536591743,0.0344979382122323,NA,"ENSG00000167604",1,"C2"
"168","GO:0000209","protein polyubiquitination","1/2","305/21273",0.00327868852459016,34.8737704918033,5.77776884281362,0.028469948690979,0.0373933654448679,NA,"ENSG00000204616",1,"C2"
"169","GO:0002822","regulation of adaptive immune response based on somatic recombination of immune receptors built from immunoglobulin superfamily domains","1/2","310/21273",0.0032258064516129,34.3112903225806,5.72889406311468,0.0289332438927198,0.0374430215082256,NA,"ENSG00000167604",1,"C2"
"170","GO:0002819","regulation of adaptive immune response","1/2","333/21273",0.003003003003003,31.9414414414414,5.51822654743189,0.0310629786768675,0.0396165525154252,NA,"ENSG00000167604",1,"C2"
"171","GO:0019058","viral life cycle","1/2","356/21273",0.00280898876404494,29.877808988764,5.32800650537032,0.0331903754389626,0.0412519433299551,NA,"ENSG00000204616",1,"C2"
"172","GO:0002221","pattern recognition receptor signaling pathway","1/2","357/21273",0.00280112044817927,29.7941176470588,5.32014871579545,0.0332828179139411,0.0412519433299551,NA,"ENSG00000204616",1,"C2"
"173","GO:0030217","T cell differentiation","1/2","373/21273",0.00268096514745308,28.5160857908847,5.19868057736181,0.0347612964342008,0.0420867777024131,NA,"ENSG00000167604",1,"C2"
"174","GO:0002366","leukocyte activation involved in immune response","1/2","376/21273",0.00265957446808511,28.2885638297872,5.1767576873107,0.0350383851952591,0.0420867777024131,NA,"ENSG00000167604",1,"C2"
"175","GO:0002263","cell activation involved in immune response","1/2","380/21273",0.00263157894736842,27.9907894736842,5.14792475185581,0.03540777500085,0.0420867777024131,NA,"ENSG00000167604",1,"C2"
"176","GO:0002758","innate immune response-activating signaling pathway","1/2","385/21273",0.0025974025974026,27.6272727272727,5.11250596900256,0.0358694128145566,0.0420867777024131,NA,"ENSG00000204616",1,"C2"
"177","GO:0050870","positive regulation of T cell activation","1/2","405/21273",0.00246913580246914,26.262962962963,4.97733175882297,0.0377148591440274,0.0424223897627124,NA,"ENSG00000167604",1,"C2"
"178","GO:0051090","regulation of DNA-binding transcription factor activity","1/2","407/21273",0.00245700245700246,26.1339066339066,4.96435473131709,0.0378993065435431,0.0424223897627124,NA,"ENSG00000204616",1,"C2"
"179","GO:0051607","defense response to virus","1/2","407/21273",0.00245700245700246,26.1339066339066,4.96435473131709,0.0378993065435431,0.0424223897627124,NA,"ENSG00000204616",1,"C2"
"180","GO:0002218","activation of innate immune response","1/2","409/21273",0.00244498777506112,26.0061124694377,4.95147115437467,0.0380837362642532,0.0424223897627124,NA,"ENSG00000204616",1,"C2"
"181","GO:1902105","regulation of leukocyte differentiation","1/2","416/21273",0.00240384615384615,25.5685096153846,4.90709835573022,0.0387291010661436,0.0426020111727579,NA,"ENSG00000167604",1,"C2"
"182","GO:0002699","positive regulation of immune effector process","1/2","422/21273",0.0023696682464455,25.2049763033175,4.8699292217412,0.0392820985279794,0.0426768477834838,NA,"ENSG00000167604",1,"C2"
"183","GO:0002429","immune response-activating cell surface receptor signaling pathway","1/2","433/21273",0.0023094688221709,24.5646651270208,4.80376296412293,0.0402955139659295,0.0432111601104913,NA,"ENSG00000167604",1,"C2"
"184","GO:1903039","positive regulation of leukocyte cell-cell adhesion","1/2","438/21273",0.00228310502283105,24.2842465753425,4.77449781337298,0.0407559805587588,0.0432111601104913,NA,"ENSG00000167604",1,"C2"
"185","GO:0030522","intracellular receptor signaling pathway","1/2","467/21273",0.00214132762312634,22.7762312633833,4.61394134782166,0.0434245078843675,0.045411244600583,NA,"ENSG00000204616",1,"C2"
"186","GO:0016032","viral process","1/2","482/21273",0.0020746887966805,22.0674273858921,4.53651699084929,0.0448033221375227,0.045411244600583,NA,"ENSG00000204616",1,"C2"
"187","GO:0043254","regulation of protein-containing complex assembly","1/2","483/21273",0.0020703933747412,22.0217391304348,4.53148106181955,0.0448952077301218,0.045411244600583,NA,"ENSG00000204616",1,"C2"
"188","GO:0051251","positive regulation of lymphocyte activation","1/2","483/21273",0.0020703933747412,22.0217391304348,4.53148106181955,0.0448952077301218,0.045411244600583,NA,"ENSG00000167604",1,"C2"
"189","GO:0030098","lymphocyte differentiation","1/2","490/21273",0.00204081632653061,21.7071428571429,4.49665229675119,0.0455382831266745,0.0455382831266745,NA,"ENSG00000167604",1,"C2"
